name,role,company,industry,location,linkedin_bio
Sarah Johnson,VP of Marketing,TechCorp Solutions,Software Technology,San Francisco CA,"Experienced marketing leader with 10+ years driving growth for B2B SaaS companies. Passionate about data-driven marketing strategies and customer acquisition. Currently scaling marketing operations at a fast-growing fintech startup."
Michael Chen,CTO,DataFlow Analytics,Data Analytics,Austin TX,"Chief Technology Officer with expertise in machine learning and big data infrastructure. Led engineering teams at multiple startups from Series A to IPO. Focused on building scalable data platforms and AI-driven solutions."
Emily Rodriguez,Director of Sales,CloudFirst Inc,Cloud Computing,Seattle WA,"Sales director specializing in enterprise cloud solutions. Track record of exceeding quotas by 150%+ for 5 consecutive years. Expert in consultative selling and building long-term client relationships in the technology sector."
David Kim,Product Manager,InnovateLabs,Artificial Intelligence,Boston MA,"Senior product manager with deep experience in AI/ML products. Previously at Google and Microsoft, now leading product strategy for an AI startup. Passionate about bringing cutting-edge technology to market."
Lisa Thompson,CEO,GreenTech Ventures,Renewable Energy,Denver CO,"Serial entrepreneur and CEO focused on sustainable technology solutions. Founded three successful cleantech companies. Currently scaling a solar energy platform serving commercial clients across North America."
James Wilson,Head of Operations,LogiFlow Systems,Supply Chain,Chicago IL,"Operations executive with 15+ years optimizing supply chain processes. Led digital transformation initiatives resulting in 30% cost reduction. Expert in lean manufacturing and process automation."
Amanda Foster,Marketing Director,HealthTech Pro,Healthcare Technology,New York NY,"Marketing professional specializing in healthcare technology solutions. Experience launching products for hospitals and medical practices. Strong background in regulatory compliance and B2B healthcare sales."
Robert Garcia,VP Engineering,SecureNet Corp,Cybersecurity,Miami FL,"Engineering leader with expertise in cybersecurity and network infrastructure. Built security platforms protecting Fortune 500 companies. Passionate about zero-trust architecture and threat detection systems."
Jennifer Lee,Business Development Manager,EduTech Solutions,Education Technology,Portland OR,"BD professional focused on educational technology partnerships. Successfully negotiated deals with school districts and universities. Expert in K-12 and higher education market dynamics."
Thomas Brown,Chief Revenue Officer,FinanceFlow,Financial Services,Dallas TX,"Revenue executive with proven track record in fintech and financial services. Scaled revenue from $5M to $50M+ at previous company. Expert in B2B sales strategy and market expansion."
Maria Gonzalez,Head of Digital Marketing,RetailMax,E-commerce,Los Angeles CA,"Digital marketing leader specializing in e-commerce growth strategies. Managed $10M+ advertising budgets across multiple channels. Expert in conversion optimization and customer lifecycle marketing."
Kevin Zhang,Senior Software Engineer,DevTools Inc,Developer Tools,San Jose CA,"Full-stack engineer with expertise in developer productivity tools. Contributed to open-source projects used by millions of developers. Passionate about improving software development workflows and automation."
Rachel Adams,VP Customer Success,ClientCare Systems,Customer Service Software,Atlanta GA,"Customer success executive focused on SaaS retention and expansion. Achieved 95%+ customer retention rates and 140% net revenue retention. Expert in customer onboarding and success metrics."
Daniel Martinez,Director of IT,ManufacturePro,Manufacturing,Detroit MI,"IT director leading digital transformation in manufacturing. Implemented IoT solutions and predictive maintenance systems. Expert in industrial automation and smart factory technologies."
Nicole Taylor,Chief Marketing Officer,BrandBoost Agency,Marketing Services,Nashville TN,"Marketing executive with agency and in-house experience. Led rebranding initiatives for Fortune 1000 companies. Expert in brand strategy, content marketing, and integrated campaigns."